Age,Gender,BMI,PhysicalActivity,SleepQuality,FunctionalAssessment,ADL,MMSE,FamilyHistoryAlzheimers,CardiovascularDisease,Depression
5.684403880851837e-16,-1.9631677494535109e-16,3.806478941571965e-16,-6.545614575151575e-17,-6.612775577106563e-17,7.89400084517096e-17,1.5085394285274347e-17,-3.6835226456851404e-17,2.820762082109518e-17,-1.7332704735306656e-17,-4.5514494401803765e-17
